<beans xmlns="http://www.springframework.org/schema/beans"
	 xmlns:xsi="http://www.w3.org/2001/XMLSchema-instance" xmlns:context="http://www.springframework.org/schema/context"
	 xsi:schemaLocation="http://www.springframework.org/schema/beans
     http://www.springframework.org/schema/beans/spring-beans-3.0.xsd
     http://www.springframework.org/schema/context
     http://www.springframework.org/schema/context/spring-context-3.0.xsd">

     <bean id = "sbu" class = "com.cg.spring.SBU">
     	<property name = "sbuId" value = "1"/>
     	<property name = "sbuName" value = "Kiran Rao"/>
     	<property name = "sbuHead" value = "Product Engineering Services"/>
     	<property name = "listEmp">
     		<list>
     			<ref bean = "employee1"/>
     			<ref bean = "employee2"/>
     			<ref bean = "employee3"/>
     		</list>
     	</property>
     </bean>
	
	
	 <bean id = "employee1" class = "com.cg.spring.Employee">
		<property name = "employeeId" value = "12345"/>
		<property name = "employeeName" value = "Jatin"/>
		<property name = "salary" value = "24650"/>
     </bean>
     
     <bean id = "employee2" class = "com.cg.spring.Employee">
		<property name = "employeeId" value = "67890"/>
		<property name = "employeeName" value = "Abhi"/>
		<property name = "salary" value = "30000"/>
     </bean>
     
     <bean id = "employee3" class = "com.cg.spring.Employee">
		<property name = "employeeId" value = "34567"/>
		<property name = "employeeName" value = "Squirell"/>
		<property name = "salary" value = "40000"/>
     </bean>
     
</beans>