<beans xmlns="http://www.springframework.org/schema/beans"
	xmlns:xsi="http://www.w3.org/2001/XMLSchema-instance" xmlns:context="http://www.springframework.org/schema/context"
	xsi:schemaLocation="http://www.springframework.org/schema/beans
     http://www.springframework.org/schema/beans/spring-beans-3.0.xsd
     http://www.springframework.org/schema/context
     http://www.springframework.org/schema/context/spring-context-3.0.xsd" default-init-method="init" default-destroy-method="destroy">
	
<bean id="triangle" class="com.test.Triangle">
<property name="points">
	<list>
		<ref bean="point1"/>
		<ref bean="point2"/>
		<ref bean="point3"/>
	</list>
</property>
</bean>
<bean id="point1" class="com.test.Point">
	<property name="x" value="10"/>
	<property name="y" value="20"/>
</bean>
	<bean id="point2" class="com.test.Point">
	<property name="x" value="30"/>
	<property name="y" value="40"/>
</bean>

<bean id="point3" class="com.test.Point">
	<property name="x" value="50"/>
	<property name="y" value="60"/>
</bean>
 
</beans>	 