<beans xmlns="http://www.springframework.org/schema/beans"
	xmlns:xsi="http://www.w3.org/2001/XMLSchema-instance" xmlns:context="http://www.springframework.org/schema/context"
	xsi:schemaLocation="http://www.springframework.org/schema/beans
     http://www.springframework.org/schema/beans/spring-beans-3.0.xsd
     http://www.springframework.org/schema/context
     http://www.springframework.org/schema/context/spring-context-3.0.xsd">
		
 <bean id="employeeDao" class="com.emp.dao.EmployeeDaoImpl"> 
 </bean>
 <bean id="employeeService" class="com.emp.service.EmployeeServiceImpl">
 	<property name="employeeDao" ref="employeeDao"></property>
 </bean>
 <bean id="employeeController" class="com.emp.controller.EmployeeController">
 	<property name="employeeService" ref="employeeService"></property>
 </bean>
</beans>