<beans xmlns="http://www.springframework.org/schema/beans"
	 xmlns:xsi="http://www.w3.org/2001/XMLSchema-instance" xmlns:context="http://www.springframework.org/schema/context"
	 xsi:schemaLocation="http://www.springframework.org/schema/beans
     http://www.springframework.org/schema/beans/spring-beans-3.0.xsd
     http://www.springframework.org/schema/context
     http://www.springframework.org/schema/context/spring-context-3.0.xsd">
     
     <bean id = "employee" class = "com.cg.spring.Employee">
		<property name = "employeeId" value = "12345"/>
		<property name = "employeeName" value = "Jatin"/>
		<property name = "salary" value = "24650"/>
		<property name = "businessUnit" ref="sbu"/>
     </bean>
     
     <bean id = "sbu" class = "com.cg.spring.SBU">
     	<property name = "sbuId" value = "1"/>
     	<property name = "sbuName" value = "Kiran Rao"/>
     	<property name = "sbuHead" value = "Product Engineering Services"/>
     </bean>
	
</beans>